{
  "Id": 614988,
  "Title": "靠谱杨",
  "SubTitle": "订阅号：靠谱杨的挨踢生活",
  "BlogApp": "rainbow-1",
  "Author": "靠谱杨",
  "News": "\r\n<!--时钟-->\r\n<div id=\"clockdiv\">\r\n    <canvas id=\"dom\" width=\"200\" height=\"200\">您的浏览器不兼容canvas</canvas>\r\n</div>\r\n<script type=\"text/javascript\" src=\"https://blog-static.cnblogs.com/files/zouwangblog/Clock.js\"></script>\r\n<!--鼠标特效-->\r\n<script>\r\n  !function(){\r\n  \r\n function n(n,e,t){\r\n  \r\n return n.getAttribute(e)||t\r\n  \r\n }\r\n  \r\n function e(n){\r\n  \r\n return document.getElementsByTagName(n)\r\n  \r\n }\r\n  \r\n function t(){\r\n  \r\n var t=e(\"script\"),o=t.length,i=t[o-1];\r\n  \r\n return{\r\n  \r\n l:o,z:n(i,\"zIndex\",-1),o:n(i,\"opacity\",.5),c:n(i,\"color\",\"0,0,0\"),n:n(i,\"count\",99)\r\n  \r\n }\r\n  \r\n }\r\n  \r\n function o(){\r\n  \r\n a=m.width=window.innerWidth||document.documentElement.clientWidth||document.body.clientWidth,\r\n  \r\n c=m.height=window.innerHeight||document.documentElement.clientHeight||document.body.clientHeight\r\n  \r\n }\r\n  \r\n function i(){\r\n  \r\n r.clearRect(0,0,a,c);\r\n  \r\n var n,e,t,o,m,l;\r\n  \r\n s.forEach(function(i,x){\r\n  \r\n for(i.x+=i.xa,i.y+=i.ya,i.xa*=i.x>a||i.x<0?-1:1,i.ya*=i.y>c||i.y<0?-1:1,r.fillRect(i.x-.5,i.y-.5,1,1),e=x+1;e<u.length;e++)n=u[e],\r\n  \r\n null!==n.x&&null!==n.y&&(o=i.x-n.x,m=i.y-n.y,\r\n  \r\n l=o*o+m*m,l<n.max&&(n===y&&l>=n.max/2&&(i.x-=.03*o,i.y-=.03*m),  \r\n t=(n.max-l)/n.max,r.beginPath(),r.lineWidth=t/2,r.strokeStyle=\"rgba(\"+d.c+\",\"+(t+.2)+\")\",r.moveTo(i.x,i.y),r.lineTo(n.x,n.y),r.stroke()))\r\n  \r\n }),\r\n \r\n x(i)\r\n  \r\n }\r\n  \r\n var a,c,u,m=document.createElement(\"canvas\"),\r\n  \r\n d=t(),l=\"c_n\"+d.l,r=m.getContext(\"2d\"),\r\nx=window.requestAnimationFrame||window.webkitRequestAnimationFrame||window.mozRequestAnimationFrame||window.oRequestAnimationFrame||window.msRequestAnimationFrame||\r\n  \r\n function(n){\r\n \r\n window.setTimeout(n,1e3/45)  \r\n },\r\n  \r\n w=Math.random,y={x:null,y:null,max:2e4};m.id=l,m.style.cssText=\"position:fixed;top:0;left:0;z-index:\"+d.z+\";opacity:\"+d.o,e(\"body\")[0].appendChild(m),o(),window.onresize=o,\r\n  \r\n window.onmousemove=function(n){\r\n  \r\n n=n||window.event,y.x=n.clientX,y.y=n.clientY\r\n  \r\n },\r\n  \r\n window.onmouseout=function(){\r\n  \r\n y.x=null,y.y=null\r\n  \r\n };\r\n  \r\n for(var s=[],f=0;d.n>f;f++){\r\n  \r\n var h=w()*a,g=w()*c,v=2*w()-1,p=2*w()-1;s.push({x:h,y:g,xa:v,ya:p,max:6e3})\r\n  \r\n }\r\n  \r\n u=s.concat([y]),\r\n  \r\n setTimeout(function(){i()},100)\r\n  \r\n }();\r\n  \r\n </script>\r\n <!--音乐播放-->\r\n\r\n",
  "SecondaryCss": "/*标题h1 h2 h3样式*/\r\n#cnblogs_post_body {\r\n    color: black;\r\n    font: 0.875em/1.5em\"微软雅黑\", \"PTSans\", \"Arial\", sans-serif;\r\n    font-size: 16px;\r\n}\r\n#cnblogs_post_body h1 {\r\n    background: #2B6695;\r\n    border-radius: 6px 6px 6px 6px;\r\n    box-shadow: 0 0 0 1px #5F5A4B, 1px 1px 6px 1px rgba(10, 10, 0, 0.5);\r\n    color: #FFFFFF;\r\n    font-family:\"微软雅黑\", \"宋体\", \"黑体\", Arial;\r\n    font-size: 18px;\r\n    font-weight: bold;\r\n    height: 25px;\r\n    line-height: 25px;\r\n    margin: 18px 0 !important;\r\n    padding: 8px 0 5px 5px;\r\n    text-shadow: 2px 2px 3px #222222;\r\n}\r\n#cnblogs_post_body h2 {\r\n    background: #2B6600;\r\n    border-radius: 6px 6px 6px 6px;\r\n    box-shadow: 0 0 0 1px #5F5A4B, 1px 1px 6px 1px rgba(10, 10, 0, 0.5);\r\n    color: #FFFFFF;\r\n    font-family:\"微软雅黑\", \"宋体\", \"黑体\", Arial;\r\n    font-size: 15px;\r\n    font-weight: bold;\r\n    height: 24px;\r\n    line-height: 23px;\r\n    margin: 12px 0 !important;\r\n    padding: 5px 0 5px 10px;\r\n    text-shadow: 2px 2px 3px #222222;\r\n}\r\n#cnblogs_post_body h3 {\r\n    background: #5B9600;\r\n    border-radius: 6px 6px 6px 6px;\r\n    box-shadow: 0 0 0 1px #5F5A4B, 1px 1px 6px 1px rgba(10, 10, 0, 0.5);\r\n    color: #FFFFFF;\r\n    font-family:\"微软雅黑\", \"宋体\", \"黑体\", Arial;\r\n    font-size: 13px;\r\n    font-weight: bold;\r\n    height: 24px;\r\n    line-height: 20px;\r\n    margin: 12px 0 !important;\r\n    padding: 5px 0 5px 10px;\r\n    text-shadow: 2px 2px 3px #222222;\r\n}\r\n/*推荐/反对 按钮*/\r\n#div_digg {\r\n    position:fixed;\r\n    bottom:10px;\r\n    140px;\r\n    right:10px;\r\n    border:2px solid #6FA833;\r\n    padding:10px;\r\n    background-color:#fff;\r\n    border-radius:5px 5px 5px 5px !important;\r\n    box-shadow:0 0 0 1px #5F5A4B, 1px 1px 6px 1px rgba(10, 10, 0, 0.5);\r\n}\r\n\r\nbody:before {\r\n    background: url('https://images.cnblogs.com/cnblogs_com/rainbow-1/1865823/o_220629142326_FE34EABC9A82CA9A6D6249AA6BE38B33.jpg(1).jpg') center/cover no-repeat;\r\n    content: '';\r\n    background-repeat: no-repeat;\r\n    background-position: center;\r\n    opacity: 0.8;\r\n    position: fixed;\r\n    top: 0;\r\n    left: 0;\r\n    width: 100%;\r\n    height: 100%;\r\n    z-index: -1;\r\n    -webkit-filter: grayscale(40%);\r\n    -moz-filter: grayscale(40%);\r\n    -ms-filter: grayscale(40%);\r\n    -o-filter: grayscale(40%);\r\n    filter: grayscale(40%);\r\n    filter: gray;\r\n}\r\n",
  "PageBeginHtml": "<script type=\"text/javascript\">\r\nvar a_idx = 0;\r\njQuery(document).ready(function($) {\r\n    $(\"body\").click(function(e) {\r\n        var a = new Array(\"♪\",\"♬\",\"♬\",\"♪\",\"♪\",\"♬\",\"♪\");\r\n        var $i = $(\"<span></span>\").text(a[a_idx]);\r\n        a_idx = (a_idx + 1) % a.length;\r\n        var x = e.pageX,\r\n        y = e.pageY;\r\n        $i.css({\r\n            \"z-index\": 999999999999999999999999999999999999999999999999999999999999999999999,\r\n            \"top\": y - 20,\r\n            \"left\": x,\r\n            \"position\": \"absolute\",\r\n            \"font-weight\": \"bold\",\r\n            \"color\": \"rgb(\"+~~(255*Math.random())+\",\"+~~(255*Math.random())+\",\"+~~(255*Math.random())+\")\"\r\n        });\r\n        $(\"body\").append($i);\r\n        $i.animate({\r\n            \"top\": y - 180,\r\n            \"opacity\": 0\r\n        },\r\n        1500,\r\n        function() {\r\n            $i.remove();\r\n        });\r\n    });\r\n});\r\n\r\n</script>\r\n<!--github-->\r\n<a href=\"https://github.com/SAH01\" title=\"我的github地址\" target=\"_Blank\" class=\"github-corner\" aria-label=\"View source on Github\"><svg width=\"80\" height=\"80\" viewBox=\"0 0 250 250\" style=\"fill:#FD6C6C; color:#fff; position: absolute; top: 0; border: 0; right: 0;\" aria-hidden=\"true\"><path d=\"M0,0 L115,115 L130,115 L142,142 L250,250 L250,0 Z\"></path><path d=\"M128.3,109.0 C113.8,99.7 119.0,89.6 119.0,89.6 C122.0,82.7 120.5,78.6 120.5,78.6 C119.2,72.0 123.4,76.3 123.4,76.3 C127.3,80.9 125.5,87.3 125.5,87.3 C122.9,97.6 130.6,101.9 134.4,103.2\" fill=\"currentColor\" style=\"transform-origin: 130px 106px;\" class=\"octo-arm\"></path><path d=\"M115.0,115.0 C114.9,115.1 118.7,116.5 119.8,115.4 L133.7,101.6 C136.9,99.2 139.9,98.4 142.2,98.6 C133.8,88.0 127.5,74.4 143.8,58.0 C148.5,53.4 154.0,51.2 159.7,51.0 C160.3,49.4 163.2,43.6 171.4,40.1 C171.4,40.1 176.1,42.5 178.8,56.2 C183.1,58.6 187.2,61.8 190.9,65.4 C194.5,69.0 197.7,73.2 200.1,77.6 C213.8,80.2 216.3,84.9 216.3,84.9 C212.7,93.1 206.9,96.0 205.4,96.6 C205.1,102.4 203.0,107.8 198.3,112.5 C181.9,128.9 168.3,122.5 157.7,114.1 C157.9,116.9 156.7,120.9 152.7,124.9 L141.0,136.5 C139.8,137.7 141.6,141.9 141.8,141.8 Z\" fill=\"currentColor\" class=\"octo-body\"></path></svg></a><style>.github-corner:hover .octo-arm{animation:octocat-wave 560ms ease-in-out}@keyframes octocat-wave{0%,100%{transform:rotate(0)}20%,60%{transform:rotate(-25deg)}40%,80%{transform:rotate(10deg)}}@media (max-width:500px){.github-corner:hover .octo-arm{animation:none}.github-corner .octo-arm{animation:octocat-wave 560ms ease-in-out}}</style>\r\n\r\n<!--打赏-->\r\n<script src=\"https://blog-static.cnblogs.com/files/zouwangblog/dashang.js\"></script>\r\n<script>\r\nwindow.tctipConfig = {\r\n        imagePrefix: \"http://files.cnblogs.com/files/kdy11/\",\r\n        cssPrefix:     \"http://files.cnblogs.com/files/kdy11\",\r\n        buttonImageId:  4,\r\n        buttonTip:  \"dashang\",\r\n        list:{\r\n            alipay: {qrimg: \"https://images.cnblogs.com/cnblogs_com/rainbow-1/1865823/o_210928103735QQ%E6%88%AA%E5%9B%BE20210928183659.jpg\"},\r\n            weixin:{qrimg: \"https://images.cnblogs.com/cnblogs_com/rainbow-1/1865823/o_210928103723QQ%E6%88%AA%E5%9B%BE20210928183648.jpg\"},\r\n        }\r\n};\r\n</script>\r\n\r\n<!--单击放大图片-->\r\n<link href=\"https://blog-static.cnblogs.com/files/zouwangblog/lightbox.css\" rel=\"stylesheet\">\r\n\r\n<!-- lightbox.js核心代码 -->\r\n<script src=\"https://blog-static.cnblogs.com/files/yadongliang/lightbox-plus-jquery.js\"></script>\r\n<script type='text/javascript'>$('#cnblogs_post_body img').wrap(function(){return \"<a href='\"+$(this).attr(\"src\")+\"' data-lightbox='example-set'></a>\"});</script>\r\n<script type='text/javascript'>$(\".code_img_closed\").unwrap();</script>\r\n<script type='text/javascript'>$(\".code_img_opened\").unwrap();</script>\r\n",
  "PageEndHtml": "<!-- 评论区 -->\n        <link  type=\"text/css\" rel=\"stylesheet\" href=\"https://blog-static.cnblogs.com/files/zouwangblog/comment.css\">\n        <script type=\"text/javascript\">\n        $(function(){\n            $('#blogTitle h1').addClass('bounceInLeft animated');\n            $('#blogTitle h2').addClass('bounceInRight animated');\n            // 删除反对按钮    $('.buryit').remove();\n            initCommentData();\n          });\n        function initCommentData() {\n            $('.feedbackItem').each(function() {\n                var text = $(this).find('.feedbackListSubtitle .layer').text();\n                // 将楼层信息放到data里面\n                // $(this).find('.blog_comment_body').attr('data-louceng', text.replace(/^#/g, ''));\n                if($(this).find('.feedbackListSubtitle .louzhu').length>0) $(this).addClass('myself');\n                var avatar = $(this).find('> .feedbackCon > span').html() || 'http://pic.cnitblog.com/face/sample_face.gif';\n                $(this).find('> .feedbackCon > .blog_comment_body').append('<img class=\"user-avatar\" src=\"'+avatar+'\"/>')\n            });\n        }\n\n        $(document).ajaxComplete(function(event, xhr, settings) {\n          // 监听获取评论ajax事件\n          if(settings.url.indexOf('/mvc/blog/GetComments.aspx') >= 0) {\n            initCommentData();\n          }\n        });\n      </script>  \n",
  "DomainEvents": null
}